,City,Latitude,Longitude,Max Temperature,Humidity,Cloudiness,Wind Speed,Country,Date
0,Rikitea,-23.1203,-134.9692,77.4,72,89,4.81,PF,1611923653
1,Busselton,-33.65,115.3333,71.01,70,0,1.99,AU,1611923653
2,San Patricio,28.017,-97.5169,51.8,87,1,6.11,US,1611923655
3,Yellowknife,62.456,-114.3525,-23.8,76,1,6.91,CA,1611923655
4,Bredasdorp,-34.5322,20.0403,78.01,53,0,1.01,ZA,1611923656
5,Ushuaia,-54.8,-68.3,39.2,81,75,23.02,AR,1611923485
6,Korla,41.7597,86.1469,26.01,81,0,2.26,CN,1611923657
7,George Town,5.4112,100.3354,86.0,74,20,3.44,MY,1611923628
8,Raton,36.9034,-104.4391,19.4,73,1,10.36,US,1611923659
9,Mount Gambier,-37.8333,140.7667,57.2,94,16,6.91,AU,1611923659
10,Tuktoyaktuk,69.4541,-133.0374,-28.48,83,3,6.49,CA,1611923660
11,Port Alfred,-33.5906,26.891,73.99,77,0,4.0,ZA,1611923661
12,Chaman,30.9236,66.4512,49.23,40,62,1.41,PK,1611923596
13,Husavik,66.0449,-17.3389,5.0,85,0,3.44,IS,1611923663
14,Jamestown,42.097,-79.2353,17.01,85,90,8.05,US,1611923397
15,Thompson,55.7435,-97.8558,-4.0,77,75,3.44,CA,1611923665
16,Vila Velha,-20.3297,-40.2925,86.0,62,40,12.66,BR,1611923560
17,Chokurdakh,70.6333,147.9167,-19.8,87,100,7.83,RU,1611923666
18,Atuona,-9.8,-139.0333,78.08,77,10,17.98,PF,1611923666
19,Mataura,-46.1927,168.8643,48.0,80,73,8.01,NZ,1611923667
20,Sena Madureira,-9.0656,-68.6569,74.93,94,100,2.73,BR,1611923668
21,Yumen,40.2833,97.2,24.82,75,0,12.44,CN,1611923669
22,Vestmannaeyjar,63.4427,-20.2734,37.4,75,75,9.22,IS,1611923670
23,Pisco,-13.7,-76.2167,70.0,83,87,3.44,PE,1611923670
24,Kidal,18.4411,1.4078,83.28,13,0,15.23,ML,1611923672
25,Butaritari,3.0707,172.7902,80.42,79,100,18.75,KI,1611923672
26,Puerto Ayora,-0.7393,-90.3518,75.99,95,62,4.0,EC,1611923673
27,Turukhansk,65.8167,87.9833,-27.56,79,100,7.4,RU,1611923674
28,Upernavik,72.7868,-56.1549,-10.48,79,0,13.33,GL,1611923674
29,Cape Town,-33.9258,18.4232,77.0,44,0,13.8,ZA,1611923656
30,Saint George,37.1041,-113.5841,46.4,42,1,14.97,US,1611923676
31,Hithadhoo,-0.6,73.0833,82.83,71,37,8.52,MV,1611923676
32,Castro,-24.7911,-50.0119,65.32,95,100,4.41,BR,1611923677
33,Albany,42.6001,-73.9662,3.0,51,98,3.0,US,1611923678
34,Khasan,42.4308,130.6434,5.4,83,0,14.43,RU,1611923678
35,Riyadh,24.6877,46.7219,82.4,16,0,9.22,SA,1611923679
36,Provideniya,64.3833,-173.3,-8.81,83,100,9.82,RU,1611923679
37,Hobart,-42.8794,147.3294,62.01,88,75,8.05,AU,1611923408
38,Nikolskoye,59.7035,30.7861,30.99,100,75,6.71,RU,1611923681
39,Hermanus,-34.4187,19.2345,78.01,53,0,1.01,ZA,1611923683
40,Hakkâri Province,37.5833,44.1667,37.4,60,75,8.05,TR,1611923684
41,Kapan,39.2075,46.4058,47.7,59,3,1.57,AM,1611923685
42,Pokhara,28.2333,83.9833,51.76,42,0,5.06,NP,1611923485
43,Dubbo,-32.25,148.6167,75.2,69,20,12.66,AU,1611923671
44,Mahébourg,-20.4081,57.7,86.0,66,40,12.66,MU,1611923687
45,Sarakhs,36.5449,61.1577,77.0,13,0,4.61,IR,1611923688
46,Ericeira,38.9627,-9.4156,55.99,94,75,11.5,PT,1611923689
47,Atasū,48.6814,71.6433,21.61,90,0,7.31,KZ,1611923691
48,Esperance,-33.8667,121.9,62.6,77,0,13.8,AU,1611923692
49,Ourém,39.6417,-8.5919,59.0,82,75,5.75,PT,1611923695
50,Qaanaaq,77.484,-69.3632,-14.21,60,0,5.79,GL,1611923696
51,Bluff,-46.6,168.3333,48.0,80,79,8.01,NZ,1611923696
52,Cherskiy,68.75,161.3,-28.01,83,100,4.29,RU,1611923698
53,Vaini,-21.2,-175.2,75.2,94,90,2.3,TO,1611923699
54,Petropavlovsk-Kamchatskiy,53.0452,158.6483,10.4,72,100,6.71,RU,1611923498
55,Coahuayana Viejo,18.7333,-103.6833,72.57,58,27,2.26,MX,1611923700
56,Tasiilaq,65.6145,-37.6368,21.2,93,90,8.05,GL,1611923702
57,Saint-Philippe,-21.3585,55.7679,89.6,51,75,6.91,RE,1611923703
58,Mandalgovi,45.7625,106.2708,16.0,88,1,13.76,MN,1611923704
59,Westport,41.1415,-73.3579,12.99,52,1,16.11,US,1611923577
60,Murwāra,23.85,80.4,61.45,28,0,7.07,IN,1611923706
61,Ilulissat,69.2167,-51.1,-2.22,70,0,1.21,GL,1611923707
62,Santa Eulalia,-11.85,-76.6833,75.0,83,0,2.3,PE,1611923708
63,Denpasar,-8.65,115.2167,78.8,94,75,12.66,ID,1611923541
64,Lebu,-37.6167,-73.65,59.47,97,95,7.67,CL,1611923709
65,Henties Bay,-22.116,14.2845,68.94,72,62,10.71,NA,1611923711
66,Swan Hill,-35.3378,143.5544,73.58,72,61,4.63,AU,1611923712
67,Gizo Government Station,-8.103,156.8419,82.11,75,100,6.26,SB,1611923712
68,Severo-Kuril'sk,50.6789,156.125,23.09,93,100,22.75,RU,1611923713
69,Likasi,-10.9814,26.7333,78.13,67,94,5.06,CD,1611923714
70,Barrow,71.2906,-156.7887,-18.4,76,1,9.22,US,1611923715
71,Province of Mantua,45.1667,10.7833,41.0,79,100,0.67,IT,1611923716
72,Bambous Virieux,-20.3428,57.7575,86.0,66,40,12.66,MU,1611923716
73,Makkah al Mukarramah,21.4267,39.8261,78.58,45,10,15.99,SA,1611923582
74,Xam Nua,20.4197,104.0439,52.9,92,19,2.24,LA,1611923718
75,Ambon City,-3.6954,128.1814,82.4,74,40,5.75,ID,1611923719
76,Hasaki,35.7333,140.8333,37.4,38,20,10.36,JP,1611923720
77,Kiama,-34.6833,150.8667,69.01,95,100,15.01,AU,1611923721
78,Tumbes,-3.5667,-80.4414,75.2,94,90,2.3,PE,1611923722
79,New Norfolk,-42.7826,147.0587,62.01,82,100,2.42,AU,1611923724
80,Fort Nelson,58.8053,-122.7002,-20.2,76,20,4.61,CA,1611923726
81,Aklavik,68.2191,-135.0107,-27.4,75,1,4.61,CA,1611923727
82,Dikson,73.5069,80.5464,-33.25,85,3,3.65,RU,1611923728
83,Faanui,-16.4833,-151.75,80.74,69,0,9.93,PF,1611923728
84,Bethel,41.3712,-73.414,9.0,52,75,10.36,US,1611923729
85,Cartagena,10.3997,-75.5144,77.0,83,0,10.36,CO,1611923489
86,Winslow,35.0242,-110.6974,28.4,80,1,13.78,US,1611923640
87,Guerrero Negro,27.9769,-114.0611,55.87,79,3,8.21,MX,1611923731
88,Sabang,5.8933,95.3214,81.88,79,100,16.51,ID,1611923732
89,Kaeo,-35.1,173.7833,55.99,79,0,4.0,NZ,1611923732
90,Burlington,39.8835,-74.6413,24.01,49,40,26.46,US,1611923733
91,Catuday,16.2923,119.8062,75.34,72,6,9.15,PH,1611923735
92,Khatanga,71.9667,102.5,-48.71,74,0,1.52,RU,1611923735
93,Dingle,10.9995,122.6711,74.28,88,84,11.65,PH,1611923737
94,Punta Arenas,-53.15,-70.9167,42.8,61,0,12.66,CL,1611923738
95,Olafsvik,64.8945,-23.7142,33.75,86,100,6.96,IS,1611923738
96,Beeville,28.4008,-97.7483,44.6,100,1,5.75,US,1611923739
97,Villa Carlos Paz,-31.4241,-64.4978,64.99,95,100,3.36,AR,1611923740
98,Geraldton,-28.7667,114.6,77.0,69,0,18.41,AU,1611923643
99,Matagami,49.7502,-77.6328,1.4,85,90,10.36,CA,1611923741
100,Grand Gaube,-20.0064,57.6608,84.99,68,3,5.01,MU,1611923744
101,Srednekolymsk,67.45,153.6833,-27.33,85,100,4.47,RU,1611923745
102,Buala,-8.145,159.5921,78.93,84,100,5.35,SB,1611923746
103,Prince Rupert,54.3161,-130.3201,33.8,86,90,3.44,CA,1611923746
104,Escanaba,45.7453,-87.0646,-5.8,92,1,3.06,US,1611923747
105,Māngrol,21.1167,70.1167,73.78,42,8,10.6,IN,1611923747
106,Esil,51.9556,66.4042,20.77,92,84,9.06,KZ,1611923748
107,Kapaa,22.0752,-159.319,71.6,83,75,14.97,US,1611923749
108,Krasnosel'kup,65.7,82.4667,-22.88,86,100,9.13,RU,1611923751
109,Hilo,19.7297,-155.09,64.99,72,40,6.91,US,1611923752
110,Kahului,20.8947,-156.47,69.8,78,40,14.97,US,1611923753
111,Saldanha,-33.0117,17.9442,68.52,68,0,15.59,ZA,1611923754
112,Namatanai,-3.6667,152.4333,81.48,80,46,8.9,PG,1611923755
113,Kavaratti,10.5669,72.642,81.57,66,0,7.29,IN,1611923756
114,East London,-33.0153,27.9116,77.0,65,20,11.5,ZA,1611923757
115,Tuatapere,-46.1333,167.6833,48.0,80,33,8.01,NZ,1611923758
116,Haradok,55.4624,29.9816,28.4,93,90,6.71,BY,1611923759
117,Port Hardy,50.6996,-127.4199,41.0,93,20,3.44,CA,1611923759
118,Olenegorsk,68.15,33.3,10.99,76,100,2.37,RU,1611923760
119,Luanda,-8.8368,13.2343,91.4,55,75,11.5,AO,1611923596
120,Porto-Novo,6.4965,2.6036,89.6,66,40,10.36,BJ,1611923762
121,Torbay,47.6666,-52.7314,27.0,86,90,6.91,CA,1611923728
122,Ribeira Grande,38.5167,-28.7,62.6,67,40,20.71,PT,1611923763
123,Norman Wells,65.282,-126.8329,-41.8,74,20,4.61,CA,1611923764
124,Baghmara,23.795,86.2085,66.58,32,0,7.36,IN,1611923765
125,San Cristobal,7.7669,-72.225,71.6,83,20,1.1,VE,1611923766
126,Genhe,50.7833,121.5167,-20.38,84,93,3.47,CN,1611923767
127,Watertown,42.3709,-71.1828,9.0,51,1,17.27,US,1611923579
128,Atchison,39.563,-95.1216,28.99,90,0,10.33,US,1611923769
129,Assiniboia,49.6334,-105.9845,17.6,79,38,10.36,CA,1611923770
130,Ketchikan,55.3422,-131.6461,28.4,64,90,5.68,US,1611923771
131,Constitución,-35.3333,-72.4167,61.59,88,100,8.84,CL,1611923771
132,Richards Bay,-28.783,32.0377,81.45,66,7,9.86,ZA,1611923773
133,Cockburn Town,21.4612,-71.1419,72.88,80,91,22.62,TC,1611923774
134,Wajima,37.4,136.9,31.68,93,100,31.36,JP,1611923775
135,Toora-Khem,52.4675,96.11,19.44,95,97,3.06,RU,1611923776
136,Tierra Nueva,21.6833,-100.5667,44.82,80,98,0.69,MX,1611923777
137,Chapais,49.7834,-74.8492,-4.0,84,90,4.61,CA,1611923561
138,Khāsh,28.2211,61.2158,63.14,20,0,7.18,IR,1611923778
139,Fortuna,40.5982,-124.1573,39.0,100,90,6.91,US,1611923779
140,Kristiansund,63.1115,7.732,33.8,69,75,14.97,NO,1611923783
141,Beyşehir,37.6773,31.7246,35.73,70,21,6.35,TR,1611923783
142,Tobane,-21.95,27.9,77.0,78,75,5.75,BW,1611923784
143,Paamiut,61.994,-49.6678,36.54,75,99,8.99,GL,1611923784
144,Hamilton,39.1834,-84.5333,21.99,86,1,1.36,US,1611923785
145,Kiunga,-6.1219,141.2906,74.91,97,100,3.11,PG,1611923786
146,Port Blair,11.6667,92.75,79.92,81,100,7.4,IN,1611923787
147,Shelburne,44.0787,-80.2041,8.01,92,90,9.17,CA,1611923579
148,Alofi,-19.0595,-169.9187,77.0,94,100,6.91,NU,1611923788
149,Lagos,6.5833,3.75,89.6,66,40,3.44,NG,1611923653
150,Arraial do Cabo,-22.9661,-42.0278,86.0,58,0,13.8,BR,1611923790
151,Giohar,2.7809,45.5005,93.29,30,27,20.65,SO,1611923790
152,San Jose,37.3394,-121.895,46.0,93,90,2.04,US,1611923563
153,Sept-Îles,50.2001,-66.3821,5.0,66,6,9.22,CA,1611923522
154,Coquimbo,-29.9533,-71.3436,59.0,88,90,3.44,CL,1611923670
155,Kruisfontein,-34.0033,24.7314,77.0,56,0,11.99,ZA,1611923794
156,Zhigansk,66.7697,123.3711,-48.03,75,51,9.93,RU,1611923794
157,Villa Bruzual,9.3328,-69.1208,77.09,63,65,5.46,VE,1611923795
158,Oleksandrivka,46.8383,32.7612,37.4,70,0,17.9,UA,1611923796
159,Fairbanks,64.8378,-147.7164,3.99,84,1,2.95,US,1611923796
160,Senador José Porfírio,-2.5908,-51.9542,79.27,77,75,3.02,BR,1611923798
161,Dunedin,-45.8742,170.5036,50.0,78,55,7.0,NZ,1611923799
162,Candolim,15.5181,73.7626,102.2,30,80,8.05,IN,1611923800
163,Anloga,5.7947,0.8973,91.4,62,20,10.36,GH,1611923801
164,Paldiski,59.3567,24.0531,30.2,93,90,10.36,EE,1611923801
165,Mahon,39.8885,4.2658,69.8,56,0,9.22,ES,1611923514
166,Manggar,-2.8833,108.2667,79.07,83,100,13.27,ID,1611923804
167,North Platte,41.1239,-100.7654,15.8,79,20,4.54,US,1611923805
168,Padang,-0.9492,100.3543,82.4,74,75,4.61,ID,1611923805
169,São Félix do Xingu,-6.6447,-51.995,83.1,68,98,1.25,BR,1611923806
170,Kavieng,-2.5744,150.7967,83.61,77,64,12.28,PG,1611923807
171,Tynda,55.1667,124.7167,-29.72,81,100,3.11,RU,1611923807
172,Tomatlán,19.9333,-105.25,68.81,52,0,2.91,MX,1611923808
173,Kodinsk,58.6881,99.1844,-24.29,82,100,6.55,RU,1611923725
174,Lorengau,-2.0226,147.2712,82.92,77,45,10.07,PG,1611923809
175,Gurlan,41.8447,60.3919,55.4,33,37,13.8,UZ,1611923810
176,Saint-François,46.4154,3.9054,53.6,62,90,19.57,FR,1611923811
177,Tautira,-17.7333,-149.15,75.2,69,90,4.61,PF,1611923812
178,Port Lincoln,-34.7333,135.8667,63.16,76,80,15.12,AU,1611923812
179,Margherita,27.2833,95.6833,75.2,69,40,3.06,IN,1611923813
180,Carnarvon,-24.8667,113.6333,84.2,70,0,19.57,AU,1611923814
181,College,64.8569,-147.8028,3.99,71,75,3.36,US,1611923814
182,Karatuzskoye,53.6072,92.8667,24.31,96,100,5.75,RU,1611923815
183,The Valley,18.217,-63.0578,78.8,94,20,2.3,AI,1611923816
184,Keetmanshoop,-26.5833,18.1333,89.6,13,0,5.75,NA,1611923816
185,Hvolsvollur,63.7533,-20.2243,37.4,75,75,9.22,IS,1611923817
186,Chudniv,50.052,28.1175,27.93,93,78,15.37,UA,1611923817
187,Kushima,31.4583,131.2333,35.6,55,20,17.27,JP,1611923818
188,Martapura,-3.4167,114.85,77.0,94,75,1.41,ID,1611923819
189,‘Ewa Beach,21.3156,-158.0072,71.6,68,20,4.61,US,1611923819
190,Lagoa,39.05,-27.9833,59.13,71,100,24.25,PT,1611923821
191,Goderich,43.7501,-81.7165,24.8,74,100,23.02,CA,1611923822
192,Madang,-5.2246,145.7966,78.62,84,100,4.56,PG,1611923822
193,Dhidhdhoo,6.8833,73.1,81.52,63,0,8.59,MV,1611923823
194,Joshīmath,30.5667,79.5667,38.39,52,99,1.39,IN,1611923824
195,Jaranwala,31.3333,73.4333,58.48,32,0,2.91,PK,1611923824
196,Leh,34.1667,77.5833,5.25,70,7,1.86,IN,1611923825
197,Montmagny,48.9734,2.3469,53.01,71,75,20.71,FR,1611923826
198,Ubari,26.5921,12.7805,70.11,23,0,6.6,LY,1611923826
199,Gloversville,43.0528,-74.3438,-0.99,71,90,11.5,US,1611923827
200,Osmeña,10.5208,119.9258,80.4,77,28,27.13,PH,1611923828
201,Retz,48.7494,15.9624,41.0,96,100,4.12,AT,1611923829
202,Airai,-8.9266,125.4092,62.38,100,100,4.54,TL,1611923830
203,Port Elizabeth,-33.918,25.5701,75.2,57,0,17.27,ZA,1611923830
204,Perth,-31.9333,115.8333,84.2,17,0,10.36,AU,1611923659
205,Yar-Sale,66.8333,70.8333,-40.25,80,5,8.63,RU,1611923832
206,Watrous,51.6668,-105.4679,14.0,85,100,10.36,CA,1611923833
207,São Filipe,14.8961,-24.4956,78.6,50,100,9.44,CV,1611923833
208,Novikovo,51.1537,37.8879,29.26,97,100,17.67,RU,1611923834
209,Havelock,34.8791,-76.9013,28.4,69,1,10.36,US,1611923835
210,Whitehorse,60.7161,-135.0538,-2.99,77,90,24.16,CA,1611923836
211,Abhā,18.2164,42.5053,71.6,28,20,11.5,SA,1611923836
212,Monthey,46.2555,6.9607,50.0,93,75,3.44,CH,1611923837
213,Tiznit Province,29.5833,-9.5,74.5,27,0,6.67,MA,1611923838
214,Marsá Maţrūḩ,31.3525,27.2453,60.8,55,40,17.27,EG,1611923833
215,Salento,4.6375,-75.5703,64.4,100,90,2.3,CO,1611923839
216,Saskylakh,71.9167,114.0833,-39.69,78,2,3.56,RU,1611923840
217,Kemijärvi,66.7131,27.4306,11.21,95,100,7.34,FI,1611923840
218,Pacifica,37.6138,-122.4869,46.0,100,20,1.95,US,1611923693
219,Pabradė,55.0,25.7833,26.01,86,90,9.22,LT,1611923842
220,Portland,45.5234,-122.6762,39.99,93,90,1.61,US,1611923588
221,Biak,-0.9131,122.8766,77.56,65,78,5.41,ID,1611923843
222,Springfield,37.2153,-93.2982,28.99,80,1,11.5,US,1611923786
223,Kuusamo,65.9667,29.1833,14.0,85,75,6.91,FI,1611923845
224,Uthal,25.8072,66.6219,68.83,39,0,9.55,PK,1611923846
225,Carutapera,-1.195,-46.02,84.74,68,65,7.9,BR,1611923846
226,Santiago de Cuba,20.0247,-75.8219,69.8,94,40,6.91,CU,1611923591
227,Walvis Bay,-22.9575,14.5053,75.2,60,11,12.66,NA,1611923588
228,Luganville,-15.5333,167.1667,78.89,81,100,1.41,VU,1611923849
229,Shalya,57.2471,58.7298,28.42,94,100,9.22,RU,1611923850
230,Pevek,69.7008,170.3133,-27.47,87,13,1.68,RU,1611923850
231,Puerto del Rosario,28.5004,-13.8627,69.8,73,0,6.91,ES,1611923851
232,Mikuni,36.2171,136.1519,35.6,69,75,25.32,JP,1611923851
233,Sitka,57.0531,-135.33,35.6,55,90,18.41,US,1611923852
234,Cabedelo,-6.9811,-34.8339,84.2,70,75,11.5,BR,1611923619
235,Somers Point,39.3176,-74.5946,24.8,42,40,27.63,US,1611923853
236,Khovd,48.0056,91.6419,13.28,76,100,0.49,MN,1611923854
237,Cidreira,-30.1811,-50.2056,80.44,75,2,4.74,BR,1611923855
238,Bandar-e Lengeh,26.5579,54.8807,75.2,60,5,11.5,IR,1611923855
239,Faya,18.3851,42.4509,71.6,28,20,11.5,SA,1611923856
240,Roald,62.5833,6.1333,32.0,93,75,13.8,NO,1611923857
241,Dauphin,51.1494,-100.0502,10.4,85,90,8.05,CA,1611923857
242,Lucapa,-8.4192,20.7447,82.94,59,13,4.21,AO,1611923858
243,Nabire,-3.3667,135.4833,75.83,95,100,0.38,ID,1611923859
244,Soyo,-6.1349,12.3689,86.0,79,75,5.75,AO,1611923860
245,Iqaluit,63.7506,-68.5145,-13.0,70,1,21.85,CA,1611923860
246,Serafimovich,49.5786,42.736,37.0,73,35,4.0,RU,1611923861
247,Bay Roberts,47.5999,-53.2648,25.0,86,75,6.91,CA,1611923863
248,Tiksi,71.6872,128.8694,-31.2,85,65,2.64,RU,1611923864
249,Obeliai,55.9667,25.15,26.91,98,100,11.97,LT,1611923864
250,Egvekinot,66.3167,-179.1667,-20.81,83,5,18.88,RU,1611923865
251,Bathsheba,13.2167,-59.5167,77.0,83,40,10.36,BB,1611923866
252,Gigmoto,13.7796,124.39,76.05,79,100,21.18,PH,1611923866
253,Arrondissement de Mayenne,48.3333,-0.6667,53.6,62,20,20.71,FR,1611923867
254,Bontang,0.1333,117.5,79.63,80,100,1.77,ID,1611923867
255,Kununurra,-15.7667,128.7333,80.6,94,90,10.36,AU,1611923868
256,Griffith,41.5284,-87.4237,17.01,79,1,4.05,US,1611923838
257,Batticaloa,7.7102,81.6924,75.47,92,100,8.12,LK,1611923869
258,Chodzież,52.995,16.9198,36.0,91,58,1.99,PL,1611923870
259,Tual,-5.6667,132.75,82.9,75,100,17.34,ID,1611923871
260,Castiglione del Lago,43.1271,12.0453,54.0,85,100,10.0,IT,1611923871
261,Rocha,-34.4833,-54.3333,77.36,47,47,4.54,UY,1611923872
262,Berbérati,4.2612,15.7922,100.76,18,3,3.65,CF,1611923710
263,Mezhova,48.2532,36.7347,36.12,80,100,15.21,UA,1611923873
264,Caravelas,-17.7125,-39.2481,83.88,62,1,9.66,BR,1611923874
265,Kaseda-shirakame,31.4167,130.3167,32.0,74,20,4.61,JP,1611923875
266,Kamenka,51.3223,42.7678,34.0,77,29,10.78,RU,1611923875
267,São João da Barra,-21.6403,-41.0511,86.0,54,0,8.05,BR,1611923876
268,Sur,22.5667,59.5289,73.11,38,0,8.21,OM,1611923877
269,Thika,-1.0333,37.0693,82.4,36,40,16.11,KE,1611923878
270,Meulaboh,4.1363,96.1285,78.82,80,96,0.85,ID,1611923878
271,Davila,18.4726,120.5763,73.4,68,40,5.75,PH,1611923879
272,Champawat,29.3333,80.1,37.65,71,0,0.96,IN,1611923880
273,Oktyabr'skiy,54.4815,53.471,23.49,96,100,8.37,RU,1611923829
274,Ponta do Sol,32.6667,-17.1,62.6,77,75,5.75,PT,1611923882
275,Qaqortoq,60.7167,-46.0333,44.6,31,75,41.43,GL,1611923883
276,Anadyr,64.75,177.4833,-14.01,76,0,2.24,RU,1611923884
277,Departamento de Maldonado,-34.6667,-54.9167,75.99,57,75,3.44,UY,1611923884
278,Pitimbu,-7.4706,-34.8086,84.2,70,75,11.5,BR,1611923885
279,Sinnamary,5.3833,-52.95,78.94,86,39,8.63,GF,1611923886
280,San Miguel de Cozumel,20.5083,-86.9458,73.4,68,40,8.05,MX,1611923886
281,Zwedru,6.0667,-8.1281,87.22,57,97,2.91,LR,1611923887
282,Shingū,33.7333,135.9833,34.18,83,0,10.51,JP,1611923888
283,Donskoye,45.4552,41.9741,32.0,93,90,4.47,RU,1611923888
284,Bubaque,11.2833,-15.8333,78.26,52,29,3.47,GW,1611923889
285,Rio Grande,-32.035,-52.0986,79.0,83,40,4.61,BR,1611923889
286,Salinópolis,-0.6136,-47.3561,83.01,75,36,11.45,BR,1611923890
287,Te Anau,-45.4167,167.7167,40.48,88,4,2.13,NZ,1611923891
288,Ayan,56.45,138.1667,-8.18,85,100,3.13,RU,1611923891
289,Selenginsk,52.0064,106.8647,-7.6,59,20,4.61,RU,1611923892
290,Lavrentiya,65.5833,-171.0,-18.35,82,70,11.65,RU,1611923893
291,Mayo,38.8876,-76.5119,25.0,50,1,10.36,US,1611923893
292,Mossamedes,-15.1961,12.1522,78.8,61,75,10.36,AO,1611923894
293,Muyezerskiy,63.9333,31.65,17.96,97,100,10.6,RU,1611923895
294,Beisfjord,68.3751,17.5988,17.6,57,0,10.36,NO,1611923896
295,Nizhniy Ingash,56.2,96.53,-9.99,90,100,2.48,RU,1611923897
296,Voh,-20.9667,164.7,75.78,84,97,4.5,NC,1611923898
297,Kyra,49.5776,111.9753,-17.25,79,14,3.15,RU,1611923898
298,Pochutla,15.7432,-96.4661,71.01,81,66,1.01,MX,1611923899
299,Wad Medani,14.4012,33.5199,93.38,9,0,19.44,SD,1611923900
300,Tāsgaon,17.0333,74.6,81.05,34,100,0.43,IN,1611923900
301,Ancud,-41.8697,-73.8203,61.0,82,0,6.91,CL,1611923901
302,Cayenne,4.9333,-52.3333,78.8,94,75,1.14,GF,1611923792
303,Naryan-Mar,67.6713,53.087,-25.74,82,100,9.53,RU,1611923902
304,Avarua,-21.2078,-159.775,78.8,83,75,8.05,CK,1611923903
305,Bar Harbor,44.3876,-68.2039,17.01,85,90,12.66,US,1611923903
306,Clyde River,70.4692,-68.5914,-11.2,84,1,6.91,CA,1611923904
307,Nhamundá,-2.1861,-56.7131,83.12,73,66,1.36,BR,1611923905
308,Amahai,-3.3333,128.9167,78.73,74,100,6.24,ID,1611923906
309,Saint Paul Harbor,57.79,-152.4072,33.8,69,90,17.27,US,1611923906
310,Bonthe,7.5264,-12.505,86.52,59,54,5.35,SL,1611923907
311,Rawson,-43.3002,-65.1023,65.23,32,0,15.77,AR,1611923908
312,Cabo San Lucas,22.8909,-109.9124,60.01,82,20,2.3,MX,1611923908
313,Tambacounda,13.7539,-13.7586,93.2,10,0,11.5,SN,1611923909
314,Banepā,27.6298,85.5214,55.4,50,20,8.05,NP,1611923910
315,Souillac,-20.5167,57.5167,86.0,66,40,12.66,MU,1611923911
316,Chui,-33.6971,-53.4616,80.51,63,4,2.48,UY,1611923911
317,Alappuzha,9.49,76.3264,80.11,72,25,8.95,IN,1611923912
318,Havre-St-Pierre,50.2334,-63.5986,6.8,66,90,11.5,CA,1611923913
319,Hudson Bay,52.85,-102.3842,5.67,94,100,4.0,CA,1611923914
320,La Santisima Trinidad,-14.8333,-64.9,77.54,86,99,9.33,BO,1611923915
321,Beringovskiy,63.05,179.3167,-10.88,87,100,14.18,RU,1611923915
322,Salalah,17.0151,54.0924,78.8,53,20,9.22,OM,1611923916
323,Maragogi,-9.0122,-35.2225,82.76,66,99,7.92,BR,1611923917
324,Kamaishi,39.2667,141.8833,29.01,90,15,17.22,JP,1611923849
325,Nantucket,41.2835,-70.0995,12.99,67,20,23.02,US,1611923918
326,Kaitangata,-46.2817,169.8464,51.01,78,25,3.0,NZ,1611923918
327,Waddān,29.1614,16.139,68.25,37,0,7.58,LY,1611923919
328,Sangar,63.9242,127.4739,-51.68,76,99,2.39,RU,1611923920
329,Gamboula,4.1178,15.1393,98.13,18,29,6.13,CF,1611923920
330,Sapouy,11.5544,-1.7736,96.12,9,0,11.97,BF,1611923921
331,Stettler,52.3168,-112.7186,-0.4,100,100,1.14,CA,1611923922
332,Necochea,-38.5473,-58.7368,70.0,64,100,8.68,AR,1611923922
333,Sindor,62.8629,51.8905,9.72,95,100,10.54,RU,1611923923
334,Planaltina,-15.4528,-47.6142,77.0,53,0,3.44,BR,1611923902
335,Howard Springs,-12.497,131.047,79.0,94,75,19.57,AU,1611923926
336,Hong Kong,22.2855,114.1577,63.0,71,0,1.01,HK,1611923685
337,Chaadayevka,53.1427,45.9122,28.0,67,100,6.33,RU,1611923927
338,Lázaro Cárdenas,17.9583,-102.2,72.61,65,100,4.12,MX,1611923659
339,Akdepe,42.0551,59.3788,55.4,30,0,11.5,TM,1611923930
340,Bulgan,48.8125,103.5347,18.55,87,100,9.89,MN,1611923931
341,Kumul,42.8,93.45,23.04,82,0,2.89,CN,1611923932
342,Vardø,70.3705,31.1107,19.4,86,75,18.41,NO,1611923933
343,Bengkulu,-3.8004,102.2655,77.47,85,100,4.85,ID,1611923934
344,Arrondissement de Sedan,49.6667,5.0,48.0,79,100,15.01,FR,1611923935
345,Talnakh,69.4865,88.3972,-30.96,68,0,0.16,RU,1611923935
346,Mayumba,-3.432,10.6554,81.14,76,100,4.85,GA,1611923936
347,Labuhan,-6.8844,112.2051,78.48,86,100,15.48,ID,1611923938
348,Vigrestad,58.5667,5.7,33.8,55,0,3.44,NO,1611923938
349,Butere,0.2064,34.4935,87.8,35,20,11.5,KE,1611923939
350,Lincoln,40.8,-96.667,21.99,91,9,7.65,US,1611923735
351,Tabuk,17.4189,121.4443,65.62,90,100,8.59,PH,1611923941
352,Vila Franca do Campo,37.7167,-25.4333,62.01,88,20,17.27,PT,1611923942
353,Valparaíso,-33.0393,-71.6273,64.4,63,0,10.36,CL,1611923942
354,Innisfail,-17.5333,146.0333,76.17,89,100,5.03,AU,1611923943
355,Kargil,34.5667,76.1,-0.99,85,1,1.57,IN,1611923943
356,Oyama,36.3,139.8,43.0,35,15,12.66,JP,1611923945
357,Waipawa,-41.4122,175.5153,57.2,67,75,23.02,NZ,1611923945
358,Hualmay,-11.0964,-77.6139,71.98,72,98,6.82,PE,1611923946
359,Mar del Plata,-38.0023,-57.5575,69.8,60,0,6.91,AR,1611923672
360,Vostok,46.4856,135.8833,-12.3,90,100,3.49,RU,1611923947
361,Chipinge,-20.1883,32.6236,73.85,91,89,6.26,ZW,1611923949
362,Port Augusta,-32.5,137.7667,68.0,77,90,14.97,AU,1611923949
363,Leningradskiy,69.3833,178.4167,-24.75,84,90,7.0,RU,1611923950
364,St. George's,12.0564,-61.7485,80.6,69,20,2.3,GD,1611923950
365,Tūkrah,32.5341,20.5791,62.85,77,92,21.5,LY,1611923951
366,Lingao,19.9103,109.6859,64.9,82,1,14.63,CN,1611923952
367,Nuuk,64.1835,-51.7216,26.6,80,20,12.66,GL,1611923899
368,Berlevåg,70.8578,29.0864,23.0,80,75,25.32,NO,1611923954
369,San Pedro de Macorís,18.4616,-69.2972,73.99,88,40,6.91,DO,1611923955
370,Grindavik,63.8424,-22.4338,33.8,75,0,10.36,IS,1611923957
371,Naberera,-4.2,36.9333,81.16,40,0,6.15,TZ,1611923957
372,Porto Seguro,-16.4497,-39.0647,82.4,65,20,11.5,BR,1611923958
373,Eyl,7.9803,49.8164,78.91,62,1,19.57,SO,1611923959
374,Zhezkazgan,47.8043,67.7144,18.23,96,0,11.95,KZ,1611923960
375,Marshfield,44.6689,-90.1718,8.6,66,75,5.75,US,1611923912
376,Dawson Creek,55.7666,-120.2362,-16.6,76,1,4.61,CA,1611923961
377,Alghero,40.5589,8.3181,59.0,94,40,14.97,IT,1611923961
378,Glarus,47.0406,9.068,42.01,42,100,1.99,CH,1611923962
379,Staunton,38.1496,-79.0717,16.0,73,1,4.61,US,1611923963
380,Auki,-8.7676,160.7034,78.35,87,100,11.88,SB,1611923964
381,Shahr-e Kord,32.3256,50.8644,46.4,53,40,6.91,IR,1611923965
382,Talas,38.6908,35.5538,33.8,69,40,11.5,TR,1611923965
383,Dengzhou,37.8086,120.7508,33.73,82,0,12.12,CN,1611923966
384,Katsuura,35.1333,140.3,43.0,33,20,14.97,JP,1611923966
385,Ixtapa,20.7,-105.2,66.99,88,40,4.61,MX,1611923967
386,Touros,-5.1989,-35.4608,86.0,58,75,16.11,BR,1611923968
387,Ivangorod,59.3716,28.2162,27.41,98,100,9.46,RU,1611923968
388,Novoagansk,61.9449,76.6625,-29.6,83,0,8.7,RU,1611923969
389,Chowchilla,37.123,-120.2602,44.6,93,90,10.36,US,1611923970
390,Aloleng,16.1307,119.7824,76.32,68,1,12.44,PH,1611923970
391,Manta,-0.95,-80.7333,73.4,94,90,6.91,EC,1611923946
392,Blagoyevo,63.3667,47.9167,9.5,94,100,11.14,RU,1611923972
393,Longyearbyen,78.2186,15.6401,-2.2,50,20,21.85,SJ,1611923972
394,Altamira,-3.2033,-52.2064,77.0,83,40,3.44,BR,1611923973
395,Surin,14.8818,103.4936,78.01,55,0,9.26,TH,1611923973
396,Binghamton,42.0987,-75.918,9.0,78,20,12.66,US,1611923680
397,Mehamn,71.0357,27.8492,23.0,74,75,16.11,NO,1611923975
398,Comodoro Rivadavia,-45.8667,-67.5,53.6,62,75,8.05,AR,1611923976
399,Nemuro,43.3236,145.575,29.14,98,100,26.11,JP,1611923976
400,Mogadishu,2.0371,45.3438,84.2,54,0,19.57,SO,1611923977
401,Arica,-18.475,-70.3042,69.8,64,0,4.61,CL,1611923769
402,Road Town,18.4167,-64.6167,75.99,94,20,7.4,VG,1611923979
403,Aloja,57.7669,24.8825,30.0,93,100,1.99,LV,1611923979
404,Kourou,5.1552,-52.6478,78.8,94,75,1.14,GF,1611923980
405,Narsaq,60.9167,-46.05,44.6,31,75,41.43,GL,1611923981
406,Matamoros,25.5333,-103.25,51.01,54,0,0.98,MX,1611923728
407,Jalu,29.0331,21.5482,66.31,40,0,9.15,LY,1611923982
408,Itarema,-2.9248,-39.9167,84.07,66,100,13.47,BR,1611923983
409,Zyryanka,65.75,150.85,-21.73,87,100,7.34,RU,1611923983
410,Siruguppa,15.6333,76.9,79.95,26,62,4.18,IN,1611923984
411,Bonavista,48.6499,-53.1147,26.01,93,100,2.3,CA,1611923985
412,Yanam,16.7333,82.2167,82.4,65,20,6.91,IN,1611923985
413,Olinda,-8.0089,-34.8553,82.4,65,75,9.22,BR,1611923884
414,Uíge,-7.6087,15.0613,84.2,61,75,6.91,AO,1611923821
415,Puerto Carreño,6.189,-67.4859,79.34,63,100,14.34,CO,1611923987
416,Adrar,20.5022,-10.0711,82.08,15,0,16.53,MR,1611923988
417,Cap Malheureux,-19.9842,57.6142,86.0,67,2,5.01,MU,1611923988
418,Jati,24.3539,68.2671,68.83,21,0,7.92,PK,1611923989
419,Boussé,12.6606,-1.8922,91.4,9,0,12.66,BF,1611923989
420,Tessalit,20.1986,1.0114,83.17,12,0,15.48,ML,1611923990
421,Eureka,40.8021,-124.1637,36.0,98,0,7.18,US,1611923720
422,Longonjo,-12.9067,15.2533,77.0,47,75,10.36,AO,1611923991
423,Ananas,19.2466,-71.9557,67.37,77,0,2.89,HT,1611923992
424,Amapá,1.0,-52.0,78.51,82,100,3.58,BR,1611923993
425,Kabare,-2.4683,28.8242,76.23,57,30,3.2,CD,1611923993
426,Ayorou,14.7308,0.9174,92.14,10,0,17.58,NE,1611923994
427,Asău,46.4333,26.4,46.0,53,20,8.05,RO,1611923994
428,Dunda,-8.1167,34.25,80.04,64,87,3.38,TZ,1611923995
429,Moyale,3.5167,39.0584,89.98,20,13,12.84,KE,1611923996
430,Alta Floresta,-9.8756,-56.0861,77.79,86,89,1.9,BR,1611923996
431,Vallenar,-28.5708,-70.7581,70.21,55,2,4.83,CL,1611923712
432,Altos,-5.0381,-42.46,77.0,83,75,4.61,BR,1611923998
433,Sioux Lookout,50.1001,-91.917,-14.8,84,1,2.3,CA,1611923999
434,Isla Mujeres,21.2311,-86.731,73.0,73,75,9.22,MX,1611923999
435,Khorramshahr,30.4397,48.1664,73.4,53,40,16.11,IR,1611924000
436,Luoyang,34.6836,112.4536,51.01,99,100,4.45,CN,1611924001
437,Kulu,39.0951,33.0799,35.08,71,0,12.01,TR,1611924003
438,Beloha,-25.1667,45.05,91.85,49,100,15.79,MG,1611924005
439,Aksu,41.1231,80.2644,24.57,79,0,3.69,CN,1611923950
440,Key Largo,25.0865,-80.4473,57.99,89,80,14.0,US,1611923785
441,Chino Valley,34.7575,-112.4538,39.2,60,75,5.75,US,1611924007
442,Talaya,61.3833,152.75,-27.89,82,100,3.42,RU,1611924008
443,Benidorm,38.5382,-0.131,80.6,28,0,10.36,ES,1611924008
444,Magán,39.9683,-3.931,60.01,71,40,3.0,ES,1611924009
445,Campbell River,50.0163,-125.2446,34.0,100,100,2.17,CA,1611924010
446,Gumdag,39.2061,54.5906,56.86,39,100,4.68,TM,1611924010
447,Yuanping,38.7153,112.7575,30.94,74,0,4.34,CN,1611924011
448,Ahipara,-35.1667,173.1667,57.97,82,0,8.5,NZ,1611924012
449,Pemba,-12.974,40.5178,89.6,62,75,16.11,MZ,1611924012
450,Poum,-20.2333,164.0167,80.1,76,0,14.0,NC,1611924013
451,Laas,46.6166,10.7002,37.4,55,75,6.91,IT,1611924014
452,Wilmington,34.2257,-77.9447,28.99,64,1,9.22,US,1611923781
453,Biaora,23.8667,76.9167,63.55,27,0,6.82,IN,1611924015
454,City of San Pedro,14.35,121.0167,78.8,65,20,6.91,PH,1611924015
455,Holíč,48.8111,17.1624,36.0,100,90,4.61,SK,1611923735
456,Lhokseumawe,5.1801,97.1507,79.0,82,100,7.45,ID,1611924017
457,Nong Khae,14.3406,100.8673,86.0,53,68,5.46,TH,1611924017
458,Saint-Augustin,51.226,-58.6502,10.04,90,0,9.66,CA,1611924018
459,Chenghai,23.4632,116.768,57.2,58,0,8.95,CN,1611924019
460,Garchitorena,13.8804,123.6946,75.87,78,52,18.66,PH,1611924019
461,Murray Bridge,-35.1167,139.2667,62.01,85,42,11.07,AU,1611924020
462,Ballina,-28.8667,153.5667,75.2,73,75,8.05,AU,1611924021
463,Gamba,-2.65,10.0,83.34,74,96,8.39,GA,1611924021
464,Foam Lake,51.65,-103.5343,15.8,79,100,10.36,CA,1611924022
465,Kovdor,67.5662,30.4758,3.81,94,100,2.89,RU,1611924023
466,San Andrés,12.5847,-81.7006,80.6,69,20,14.97,CO,1611924023
467,Dodge City,37.7528,-100.0171,35.01,80,1,14.97,US,1611924012
468,Ambilobe,-13.2,49.05,81.82,79,100,2.01,MG,1611924026
469,Caluquembe,-13.7833,14.6833,76.41,42,100,6.49,AO,1611924026
470,San Rafael,-34.6177,-68.3301,69.31,35,97,4.65,AR,1611924027
471,Nouadhibou,20.931,-17.0347,78.8,34,0,11.5,MR,1611924027
472,Khani,41.9563,42.9566,48.2,71,90,9.22,GE,1611924028
473,Gimli,50.6336,-96.9907,-4.0,84,100,10.96,CA,1611924029
474,Piaçabuçu,-10.4056,-36.4344,83.05,64,100,9.15,BR,1611924029
475,San Buenaventura,27.0833,-101.5333,48.99,50,0,0.6,MX,1611924030
476,Wundanyi,-3.4019,38.364,73.04,69,23,11.05,KE,1611924031
477,Serik,36.9169,31.0989,55.4,28,0,14.97,TR,1611924031
478,Flin Flon,54.7682,-101.865,3.2,85,90,5.75,CA,1611924032
479,Myitkyina,25.3833,97.4,65.01,50,0,2.06,MM,1611924032
480,Hobyo,5.3505,48.5268,79.38,64,0,18.77,SO,1611924033
481,Mahibadhoo,3.7833,72.9667,81.82,75,0,15.05,MV,1611924034
482,Launceston,-41.45,147.1667,61.0,100,75,10.36,AU,1611924034
483,Iquitos,-3.7481,-73.2472,77.0,94,75,2.3,PE,1611924035
484,Nagoya,35.1815,136.9064,37.4,93,75,3.44,JP,1611924036
485,Menongue,-14.6585,17.691,65.97,87,100,6.55,AO,1611924036
486,Sitges,41.2351,1.8119,68.0,53,1,11.99,ES,1611923963
487,Ndioum,16.5129,-14.6471,89.6,15,0,4.61,SN,1611924038
488,Temerloh,3.4483,102.4176,73.71,90,99,4.74,MY,1611924039
489,Oranjemund,-28.55,16.4333,69.82,57,0,21.77,NA,1611924039
490,Vryburg,-26.9566,24.7284,84.52,36,100,10.25,ZA,1611924040
491,Xinzhou,38.4092,112.7333,31.96,73,0,4.12,CN,1611924040
492,Winnemucca,40.973,-117.7357,33.8,86,90,10.36,US,1611924041
493,São Luiz Gonzaga,-28.4083,-54.9608,79.83,81,1,11.79,BR,1611924042
494,Rincon,32.296,-81.2354,33.01,86,20,3.44,US,1611924042
495,Baoma,31.4859,106.1128,50.54,65,99,4.63,CN,1611924043
496,Christchurch,-43.5333,172.6333,54.0,87,90,9.22,NZ,1611923904
497,Lüderitz,-26.6481,15.1594,81.57,35,0,29.42,NA,1611924044
498,Kenai,60.5544,-151.2583,23.0,86,90,3.44,US,1611924045
499,Bagotville,-28.9833,153.4167,75.2,73,75,8.05,AU,1611924046
500,Oppdal,62.5943,9.6912,18.01,80,36,6.6,NO,1611924047
501,Gisborne,-38.6533,178.0042,60.01,66,6,8.01,NZ,1611923854
502,Yulara,-25.2406,130.9889,87.8,45,75,10.36,AU,1611924048
503,Linxia Chengguanzhen,35.6003,103.2064,26.56,77,100,1.48,CN,1611923949
504,Camopi,3.1655,-52.3158,78.06,90,98,1.59,GF,1611924049
505,Pangnirtung,66.1451,-65.7125,-11.2,84,1,5.75,CA,1611924050
506,Palmas,-10.2128,-48.3603,80.6,83,0,2.3,BR,1611923953
507,Vanimo,-2.6741,141.3028,79.77,85,100,9.86,PG,1611924051
508,Carballo,43.213,-8.691,61.0,88,100,5.01,ES,1611924052
509,Taoudenni,22.6783,-3.9836,86.77,13,0,10.0,ML,1611924053
510,Zhigalovo,54.8097,105.1578,-17.57,85,100,3.47,RU,1611924054
511,Mitzic,0.7821,11.549,85.57,58,96,2.48,GA,1611924054
512,Kindia,10.0569,-12.8658,94.42,16,0,4.25,GN,1611924055
513,Bairnsdale,-37.8333,147.6167,66.99,95,100,5.95,AU,1611924055
514,Ukiah,39.1502,-123.2078,41.0,87,90,2.33,US,1611924056
515,Teya,60.3778,92.6267,-23.46,81,100,8.1,RU,1611924057
516,Thinadhoo,0.5333,72.9333,81.81,78,46,12.37,MV,1611924057
517,Nhulunbuy,-12.2333,136.7667,82.4,83,62,5.75,AU,1611924058
518,Muisne,0.6,-80.0333,73.4,100,90,5.75,EC,1611924059
519,Telimele,10.9167,-13.3333,97.41,12,24,4.07,GN,1611924059
520,Lompoc,34.6391,-120.4579,44.6,93,1,4.61,US,1611924060
521,Lokomotivnyy,53.0118,60.5684,9.66,95,2,7.47,RU,1611924060
522,Kulhudhuffushi,6.6221,73.07,81.19,64,24,9.19,MV,1611924061
523,Leeds,53.7964,-1.5477,50.0,87,75,14.97,GB,1611924062
524,Verkhnyaya Khava,51.8404,39.9413,32.0,74,90,17.9,RU,1611924063
525,The Pas,53.8251,-101.2541,3.2,85,90,10.36,CA,1611924063
526,Marrakesh,31.6315,-8.0083,75.2,33,0,4.61,MA,1611923992
527,Ostrovnoy,68.0531,39.5131,4.24,93,100,19.55,RU,1611924065
528,Yambio,4.5721,28.3955,99.25,16,32,7.52,SS,1611924066
529,Ithaca,42.4406,-76.4966,10.99,78,90,14.97,US,1611923838
530,Prado,-17.3411,-39.2208,82.27,65,1,8.79,BR,1611924068
531,Codrington,-38.2667,141.9667,58.66,94,2,7.72,AU,1611924068
532,Hofn,64.2539,-15.2082,26.6,86,0,5.75,IS,1611924069
533,Ormara,25.2088,64.6357,71.46,47,0,9.01,PK,1611924070
534,Irámuco,19.95,-100.9167,45.72,90,96,1.57,MX,1611924070
535,Santo Domingo,18.5001,-69.9886,75.0,88,20,8.95,DO,1611924009
536,Barabai,-2.5833,115.3833,76.35,82,100,1.81,ID,1611923950
537,Nioro,13.35,-15.75,97.72,8,100,10.13,GM,1611924072
538,Clarence Town,-32.5833,151.7833,72.0,100,90,10.36,AU,1611924073
539,Kosino,58.4127,51.2782,22.91,97,100,10.2,RU,1611924073
540,Ossora,59.2353,163.0719,-2.94,84,57,5.21,RU,1611924074
541,Umm Hājar,13.2954,19.6966,96.12,9,25,9.51,TD,1611924006
542,Ballitoville,-29.539,31.2144,80.6,65,20,13.8,ZA,1611924075
543,Hue,16.4667,107.6,69.8,83,40,5.75,VN,1611923981
544,Half Moon Bay,37.4636,-122.4286,46.0,93,20,3.44,US,1611924076
545,Zliten,32.4674,14.5687,71.87,41,0,16.78,LY,1611924077
546,Adwa,14.1646,38.8955,82.31,14,4,6.58,ET,1611924078
547,Tateyama,34.9833,139.8667,43.0,46,97,1.81,JP,1611924078
548,Colesberg,-30.72,25.0972,83.89,18,0,6.31,ZA,1611924079
549,Taos,36.4072,-105.5731,24.01,79,1,6.91,US,1611924080
550,Deputatsky,69.3,139.9,-32.67,86,100,1.61,RU,1611924080
551,Khon Kaen,16.5,102.0833,74.62,48,76,2.01,TH,1611924081
552,Kirakira,-10.4544,161.9205,80.55,84,100,15.82,SB,1611924082
553,Marawi,7.9986,124.2928,80.01,83,100,8.01,PH,1611924082
